customer,work,orders,microsoft,protocols,working,excellent,basic,risk,contract,needed,change,inspections,programs,specifications,deep,modeling,cases,hardware,well,needs,fiber,net,people,phone,investment,products,regulatory,certification,employment,cybersecurity,large,cyber,drawing,skills,sketch,planning,lan,water,manufacturing,position,javascript,compliance,autocad,statistics,stakeholders,activities,platform,geographic,national,timesalary,monitoring,lean,technician,internal,general,access,active,windows,email,wireless,validation,perform,excel,may,license,quantitative,preparation,systems,frameworks,within,area,incidents,responsible,interface,coordinator,adobe,controls,standards,instructions,direct,status,technologies,civil,construction,visual,desktop,arcgis,knowledge,integration,defects,mathematics,world,designers,schedule,department,functional,code,vulnerability,content,concepts,java,understanding,industry,control,occupational,productivity,effectively,linux,build,jquery,must,front,financial,environment,development,engineers,python,include,supervisor,ensure,accident,response,operating,research,make,game,distribution,public,services,various,eh,designs,networking,sales,year,tools,team,like,security,learning,maintaining,policies,assembly,technology,culture,local,advanced,methods,database,user,angular,opportunity,qa,insights,cost,implementation,objectives,health,servers,veterans,continuous,tasks,operational,collaborate,web,directory,program,personnel,related,kitchen,vmware,techniques,apply,data,scripts,business,processing,without,selenium,leadership,equipment,solutions,requirements,day,structural,daily,developer,firewalls,high,supervisory,000,incident,ip,routers,land,remote,provide,wan,mobile,materials,shift,voice,technical,telecommunications,qualifications,esri,html5,fabrication,testing,candidate,geospatial,employee,interaction,testers,federal,prototyping,manual,mechanical,changes,key,pc,dod,threat,city,existing,product,effective,members,based,training,automation,opportunities,sets,level,00,industrial,end,strong,service,market,minimum,drawings,ui,agile,equal,including,multiple,css,plant,troubleshooting,candidates,analysis,assurance,predictive,helpdesk,resolution,meet,science,able,programming,10,machine,solving,creative,network,project,functions,analytical,manage,wireframes,administrator,power,designer,application,enterprise,teams,occasional,mining,hse,procedures,documentation,devices,seeking,field,spatial,hours,reporting,html,physical,staff,type,across,providing,identify,cisco,threats,you,architectural,customers,server,subcontractors,emergency,graphic,best,ability,states,test,manager,specific,design,role,benefits,environmental,electrical,one,system,scientist,tester,communicate,reports,client,clearance,regression,osha,infrastructure,aws,troubleshoot,experience,digital,written,tests,process,cad,assistance,engineer,full,performance,plan,printers,review,information,mapping,plus,developing,following,site,indigo,architecture,details,strategic,mission,entry,specialist,director,models,support,operations,variety,databases,assessments,revit,clients,degree,sql,state,responsibilities,new,quality,lead,energy,applications,applicants,creating,strategy,assist,software,networks,job,maintain,paid,time,developers,improvement,resolve,company,help,conduct,travel,areas,organization,use,create,engineering,components,production,azure,duties,implement,essential,computer,education,employees,food,disability,coordinate,websites,resources,leading,required,transportation,results,responsive,works,call,estimates,online,parts,events,website,intelligence,issues,designing,communication,re,develop,office,3d,building,prototypes,projects,documents,solution,solidworks,safe,analytics,execution,maintenance,computers,practices,delivery,statistical,prepare,detail,tickets,locationbenefitshealth,react,part,maps,problem,regulations,government,experiences,restaurant,drafter,document,js,requests,road,ideas,architect,administration,games,execute,preferred,desk,oriented,analyst,managing,firm,routing,calls,improvements,algorithms,etc,assessment,goals,facilities,please,communications,users,locationone,constant,ehs,insurancedental,closely,automated,plans,professional,analyze,tooling,portfolio,configuration,cloud,learn,environments,usability,senior,safety,resume,complex,provides,looking,processes,drafting,employer,material,improve,equivalent,marketing,audits,switches,defect,using,detailed,assigned,installation,ux,years,problems,management,flows,us,Role,chemical,law,university,15,50,amazon,background,days,deliver,driver,drivers,driving,hour,packages,per,van,vehicle,week,school,accounting,bank,commercial,finance,lending,loan,loans,statements,underwriting
,187,,,,104,,,,,,,,,,,,114,,,,,,,,,,,,,,,,,156,,,,,,101,,,,,,,,,,,,,,,,,,,,,,,,,,,,88,,,,,,,,,,,,,,,,,,,,127,,,,,,,,115,,,,,,,,,,,,,,,,,,112,143,,,,,91,,,,,,,,,,,,,,,,95,157,,,,,,,,,,,,,,,,179,,,,,,,,,,,,,,,,91,,,,,105,,121,,,,,,,134,,,,,,,,,,,,,,,,,,,,95,,,,,,169,,,,,,,,,,,,,,,,,124,,,,,79,,,,,,,103,,,,,,,,78,,,,,,,114,,,,,,,,,,,,,109,,,,,,,,,,,,,,,,,,,,,,,,,,,,,,,,,,,,,,,133,,180,,,105,,,,,,128,,,,,,,,,,,,193,,,,127,,,,113,,,,,,,,,,,,,,,,,,,,,,,,,,,108,91,,,91,160,,,97,,,,,140,,151,,,133,,,,86,,,,,,,,,,,,,,,,,,,,,,,,125,,,,,,,,,,,,,,,,167,,,,,,,,,,,,,,,,,,,,,,,,,,,,,,,,,,,,,,,102,,,155,,,,,,,,,,,,,,,,,,,76,103,,,,,,,,,,,,,,,,,,,,,,,,,,,,,,,157,,109,,,QA Analyst,,,,,,,,,,,,,,,,,,,,,,,,,,,,
,195,,,,117,,,,,,,,,,,,,,,,,,,,,,,,,,,,,163,,,,,,88,,,,,,,,,,,,,,,,,,,,,,,137,,,,,,,,,,,,,,,,,,,,,,,,,113,,,,,,,,,,,,,,,,,,,,,,,,,,101,88,,,,,,,,,70,,,,,,,,,,,,90,150,,,,,,,,,,,,,,,,,66,,,,,,,,,,,,,,,86,,,,,,,149,,,,,,,103,,,,,,,,,,,,,,117,,,,,,88,,,,,,,,,,,,,,,,,,,,,,,104,,,,,,,,,,,,132,,,,,,,,92,,,,,,131,,,,,,84,,,,,,,,,,96,,,,,,,,,,,,,,,,,,,87,,,,,71,,,,,,,,,,,,,141,,,,,,90,,,,,,,,,90,,,,,,,,194,,,,,,,,124,,,,,85,,,,,,,,,,,,,,,122,,,,,,,135,121,,,117,88,,,,,,,,,,157,,,158,,,,89,,,,,,,,,,,,,,,,,,,,,,,,126,,,,,,,,,,,,,,114,,148,,,,,91,,,,,94,,,,,,62,,,,,,,,,,,,,,,,,,,,,,,110,,,158,,,,,,,,,,,,,,,,,,,,,,,,,,,,,,,,,,,,,,,,,,,,,,101,,,,,121,,103,,,Data Analyst,,,,,,,,,,,,,,,,,,,,,,,,,,,,
152,199,,121,,148,,,,,,,,,,,,,164,,,,,,,,,,,,,,,,167,,,,,,131,,,,,,,,,,,,,161,,,,,127,,,,,,,,,,149,,,,,,,,,,,,,,,,,,119,,146,,,,,,,,,,,,,,,,,,,,,,,131,,,142,,,,,,,,,,,,,,,,,,,,,,,146,,,,,,,119,,,,,,148,,,,,,,,,,,,,,,,,,,119,,,,,,,,,,,,97,,,,,,,,,,,,,,,,166,,,,,,160,,,,,,,,,,,,,,,,,,,,,,,,,,,,,,,125,,,173,,174,,,,,,,115,,,,122,,,,,185,,,,,,,,,,156,,,,,,,,,,,,,,,,,,,,,,,,,,,,,,,,,,,,,,,,164,,,,,,,,,,,171,,,,,,,,,,,,192,,,,,,,,,,,,,119,,,,,,,,,,,,,,,,,,,,,,,,,,109,,,,108,,,,,164,,149,134,,163,,,,,192,,,,,,,,,,,110,,,152,,,,,,,,,152,,,,,,,,,,,,154,,,,,148,,,,,,,,,,,,,,,,,,,,,,,,,,,,,,,,,,,,,,127,196,,,,,,,,,,,,,,,110,,,,,,,,,,,,,,,,,,,,,,,,,,,,,,,,,,,,,,147,116,100,,,Helpdesk Technician,,,,,,,,,,,,,,,,,,,,,,,,,,,,
110,190,,,,121,,,,,,,,,,,,,,,113,,,,,,,,,,,,,,159,,,,,,104,,,,,,,,,,,,,,,,,,,,,,,,,,,,134,,,,,,,,,,,,,,,,,,,,116,,,,,,,,107,,,,,,,,,,,,,,,,,,110,140,,,,,97,,,,,,,,,,,,,,,,,163,,,,,,,115,,,,,,128,,,,,,,,,,,,,,,,,,,104,,,,,120,,,,,,,,136,174,,,,,,,,,,,,,,124,,,,,,132,,,,,,85,,,,,,,,,,,,,,,,,100,,,,,,,,,,,,130,,,,,,,,115,,,,,,125,,,,,,,,,,,,,,161,,,,,,,,,,,,,,,,,,,,,,,,,,,,,,,,,,,,,,,168,,,,,115,,,,,,163,,,,,,,,,,,,197,,,,167,,,,,,,,,134,,,,,,,,,,,,,,,151,,,,,,,142,,,119,113,,,,91,,,,,119,,129,,,141,,,,101,,,,,,,,,,,,,,,,,,,,,,,,126,,,,,,,,,,,,,,144,,,,,,,113,,,,,,,,,,,,,,,,,,,,,,,,,,,,,,,,,,113,,,167,,,,,,,,,,,,,,,,,,,,,,,,,,,,,,,,,,,,122,,,,,,,,,,,,,,,152,,152,,,IT Business Analyst,,,,,,,,,,,,,,,,,,,,,,,,,,,,
124,188,,,,122,,,,,,,,,,,,,,,,,,,,,113,,,,,,,,165,,,,,76,,,104,,,,,,,,,,,,,,,,,,,,,,,,,,109,,,,,118,,,,,116,,,,,,,,,,138,,,,,,,,,,,,,,,,,,,,,,,93,,,150,153,,,,,153,,,,,,,,,,,,,,,,,182,,,,,,,,,,,,,,,,190,,,,,,,,,,,,,,,,115,,,,,105,,117,,,,,,,138,,,,,,,,,,,,,,146,,,,,,119,,,,,,131,,,,,,,,,,,,,,,,,170,,,,,67,,,,,,,121,,,,,,,,127,,,,,,,150,,,,,,,,,,,,,,,,198,,,,,,,107,,,,106,,,,,,,,,,,,,,,,,,,,,,,,,171,,148,163,,,,,,,,152,,,,,,,,,,,,,,,,173,,,,,108,,,,,,,,,,,,,,,,,,,139,,,,,,,,,,,,186,,,,,,,,92,,144,,,,,,,123,,,,,,,,102,,,,,,,,,,,,,,,,126,,,,,,,,,,,,,,,,182,,,,,,,,,,,,,,,,,,,,,,,,,,,,,,,,,,,,,,,109,,,,,,,,,,,,,,,,,,,,,,,,,,,,,,,,,,,,,,,121,,,,,,,,,,,,,,,186,,170,,,QA Manager,,,,,,,,,,,,,,,,,,,,,,,,,,,,
107,185,,,,,,,,,,,,,,,,,,,,,,,,,113,,,93,,,,,162,,,,,,138,,92,,,,,,,,,,,,129,,,,,,,,,,,,,,91,,,,,118,,,,,,,,106,,,,,,,143,,,,,,,,,,,,,,,,110,,,,,,,124,,,145,100,,,,,150,,,,,,,,,,,,,,,,,156,,,,,,,,,,,,,,,,,,,,,,,,,,,,,,131,,113,,,,,,,93,,,,,,,152,,,,,,,,,,,,,,,,,,,,,,,,,,,,,,,,,,,,,,,,,,,152,,,,125,,,,,,,,,121,,,,,,,141,,,,,,,,,,,,,,,,,,,,,,,,,,,,,,,,,,115,,,,,,,,,,,,,,,,,,,,,,,,,167,,,179,,,,,,,,139,,,,,,,,,,,,,,,,142,,,,,89,,,,118,,,,,,40,,,,,,,,,111,,,,,,,,,,146,,,,,,,,,,,,159,,,150,,109,,141,,,,,,,,,,,,118,,,,,110,59,,,,,,161,,,,,,,,,,,,,,,,,,,,,,,,,,,,,,,,,,,,,,,,,,,,42,,,,,57,,,,,,106,,,,,,,,,,,,,,,,,,,,,,,,,,,,,,,,,,85,,,,,,,,,,,,,,,,,,,,167,,137,,,Quality Manager,,,,,,,,,,,,,,,,,,,,,,,,,,,,
,199,,,,,,,111,,,,,,,,,,,,,,,,,,,,125,,76,,189,,152,,,,,,120,,77,,,,,,,,,,,,,,,,,,,,147,,85,,,,168,,,,,,,,,,,,,,,,,,,,137,,,,,,,,,,,,,,,,,,,,,,,109,,,,92,,,,,,,96,,,,,,,,,,,,,,123,143,,,,,,,127,,,,,,,,,,,,,,,,,,,,,,,,,143,,,,,133,,88,,,,,,93,136,,,,,,,,,109,,,,,134,,,,,,124,,121,,,,,,,,,,,,,,,,,,111,,,,,,,,,,,101,,,,,,,,,,,,107,,,,,,130,,,,,,,,,,,,,158,,,,,,,,,,,,,,,106,,,,,,,,,,,,,,107,,,,,,,,,,,184,,,,,,,,,,,180,,,,,,103,,,,,,,,,,,,,,,,,,,175,,,,,,,,,,,,,,,154,,,,,,,143,,,,87,,,,,,,,,79,,117,,,138,,,,,,,,,,,,,,,,,,,130,,,,,,,,,146,,,,,,,,,,,,,,,,,,,,,,,,,,,,,,,,,,,,,,,,,,,,,,,,,,,,,,,91,,,91,,,,,,,,,,,,,,,,,,,,,,,,,,,,,,,,,,,,,,,,,,,,,,,,,,,154,,141,,,Cyber Security,,,,,,,,,,,,,,,,,,,,,,,,,,,,
,193,,,,121,,,,,,,,,,,,102,,,,,,,,,,,,,,,,,164,,,,,,109,,,,,,,,,,,,,,,,,,,,,,,,,,,,117,,,,,,,,,,,,,84,,,,,,,134,,,,,,,,,,,,,,,,,,,,,,,99,,,123,161,,,,,100,,,,,,,,,,,,,,,,105,164,,,,,,,91,,,,,,,,,80,,,,,,,,,,,,,,,,102,,,,,118,,141,,,,,,92,152,,,,,,,,,,,,,,,,,,,,121,,,,,,160,,,,,,,,,,,,,,,,,117,,,,,,,,,,,,98,,,,,,,,106,,,,,,102,84,,,,,,,,,,,,,139,,,,,,,,129,,,,,,,,,,,,,,,,,,,,,,,,,,,,,,,153,,,,,126,,,,,,151,,,,,,,,,,,,190,,,,,,,,,,,,,114,,,,,,,,,,,,,,,125,,,,,,,143,,,,111,133,,,94,,,,,139,,135,,,,,,,86,,,,,,,,,,,,,,,,,,,,,,,,135,,,,,,,,,,,,,,,,185,,,,,,,,,,,,,,,,,,,,,,,,,,,,,,,,,,,,,,,,,,162,,,,,,,,,,,,,,,,,,,,108,,,,,,,,,,,,,,,,87,,,,,,,,,,,,,,,156,,131,,,Test Analyst,,,,,,,,,,,,,,,,,,,,,,,,,,,,
,197,,,,123,,,,,,,,,,,,,,,,,,,,,,,,,,,,,150,,,,,157,118,,,,,,91,,,,,,,,,,,,,,,,,,,,,,,,89,,,105,,,,,,,,,,,,,,,108,,,,,,,113,,,,,,,,,,,,,,,,106,,,161,,,,,181,160,,,,,,,,,,,,,,,,,163,,,,,,,,,,,,,,,105,,,,,,,,,,,,,,,,,111,,,,,,,101,,,,101,105,,120,,,106,,,,,,,,,,,,,,,118,,,,,,,,,,,158,,,,,,,,,,,,,,,,,,132,,,,,,,,102,,,,,,,,112,,,88,,,,,,,,,,,,,,,,,,,,,,,,,,,,,,,122,,,,,,,,,,,,,,,,,,,,,,,,,163,,,,,,,,,,,,,,,,,,,,,,,190,,,,153,,,,,136,,,,,,,,,,,,,,,,,,,110,116,,,,,,132,,,131,,173,,,,,,,,,,158,,,177,,124,,136,,,,,,,,,,,,105,,,,,139,,,,,,,156,,,,,,,,,,,,,,,,,,,,,,,,,,,,,,,,,,,,,,,,,,,,,,,,,,,,,,,134,,,,,,,,,,,,,,,,,,,,,,,,,,,,,,,,,,149,,,,,,,,,,,,,,,,,94,,,167,,144,,,Production Supervisor,,,,,,,,,,,,,,,,,,,,,,,,,,,,
120,192,,,,132,,,,,,,,97,,,,,,,,,,,,,,,,99,,,,,160,,,,,,133,,,,,,,,,,,,,,,,,,,,,,,,95,,,,98,,,,,125,,,,,,,,93,,,,,,,136,,,,,,,,,,,,,,,,,,,,,,,125,,,139,109,,,,,140,,,,,,,,,119,,,,,,,,148,,,,,,,,,,,,,,,,,,,,,,,,,,,,,,142,,128,,,,,,,124,,,,,,,132,,,,,,,,,,,,,,157,,,,,,,,123,,,,,,,129,,,,,,,,,,,,,,,,,,121,,,,,,,,,155,,,,,,,147,,,,,,,,,,,,,,,,,,,,116,,,,,,,,,,,,,,113,,,,,,,,,86,92,,,,,,,,,,,,60,,,179,,,179,,,,,,,,,,,,,,,,,,,,,,,,,,,,,117,,,,135,,,,,105,,,,,,,,,,155,134,,,,,,,,,130,,,,,,,,,,,,136,,,155,,,,101,,,,,,,,,,,,96,,,,,112,,,,,,,153,,,,,,,,,,,,,,,,,,,,,,,,,,,,,,,,,,,,,,,,,,,,,,,,,,,,,,,,,,,,,,,,,,,,,,,,,,,,,,,,,,,,,,,,,97,,,,,,,,,,,,,,,,,,,,172,,175,,,Security Manager,,,,,,,,,,,,,,,,,,,,,,,,,,,,
,193,,,,101,,,,,,,,,,,,,,,,,,,,,,,,,,,,,165,,,,,,78,,,,,,,,,,,,,,,,,,,,,,,144,,,,,,,,,,,,,,,,,,,,,,,,,90,,,,,,,,,,,,,,,,,,,,,,,,,57,89,85,,,,,,,,,78,,,,,,,,,,,155,73,144,,,,,,,,,,,,,,,,,,,,,,,,,,,,,,,,88,,,,,156,,154,,,,,,,95,,,,,,,,,,,,,,116,,,,,,75,,,,,,,,,,,,,,,,,,,,,,,,,,,,,,,,,,,121,,,,,,,,84,,,,,,120,,,,,,,,,,,,,,113,,,,,,,,,,,,,,,,,,,,,77,,,,,,,,,,,,,,,,,,138,,,,,,91,,,,,,,,,88,83,,,,,,,185,,,,111,,,,109,64,,,,95,,,,,,,,,,,,,,,123,,,,,,59,138,77,,112,102,,,,,,,,,,,149,,,145,,,,94,,,,,,,,,,,,,,,,,,,,,,,,121,,,,,,,,,,,,,,120,,,,,,,,,,,,64,,,,,,,,,,,,,,,,,,,,,,,,,,,,,106,,,163,,,,,,,,,,,,,,,,,,,,,,,,,,,,,,,,,,,,,,,,,,41,,,,,,,,,109,,114,,,Analyst,,,,,,,,,,,,,,,,,,,,,,,,,,,,
,184,,,,,,,,,,,,,91,,,,,,,,,,,,,,,,,,,,128,,,,92,,125,,,,,,,,,,,,,,,,,,,,,,116,,78,,,,,,,,,,,,,,,,,,,,150,,,,99,,,,,,,,,,,,,,,,,,,,,,,100,,,,108,97,,107,,,,,,,,,,67,,,,,,,151,,121,,,,,,,,,,,,,,,100,,,,,,,,,,,,,,,,,100,,,,,,,,,,,,,,104,,52,,,,,,,,,,,,,,,,,,99,,97,,,,,,,,,,,,,,,,,,,57,,,,,,,,,,101,,,,,,,,,,,,115,,,,,,,,,,,,,,,,,,,,173,,,,,,,,75,,,,,,,,,,104,,,,,,,,,,,,,,,,,,,,,124,,,,,171,,,,,,,,,,89,,,,,,,,177,,,,,,,200,138,,159,,,67,,,,,107,,,,,,,,,,,,,,,,,144,,,,,,,,,,,,,,,146,,,153,,,,,,,,,,,,,,,,80,,,,,70,,,,,,,137,,,,,,,,,,,,,,,,,124,,,,155,,,,,,,,,,,,,,,,,,,,,,,,,,,,,,,,,,112,,,,,,,,,,,,,,,,,,,,,,,94,124,,,,,,,,,,,,,,,,,,,,,,,,,,,,,,120,,102,,,Civil Engineer,,,,,,,,,,,,,,,,,,,,,,,,,,,,
148,196,,115,,142,,,,,,,,,,,,,154,,,,,,,,,,,,,,,,159,,,,,,121,,,,,,,,,,,,,,,,,,140,,,,,,76,,,,149,,,,,,,,,,,,,,,,,,194,,138,,,,,,,,,,,,,,,,,,,,,,,96,,,141,,,,,,,,,93,,,,,,102,,,,,,,,142,,86,,,,,126,,,,,,152,,,,,,,,,,,,,,,,,,,113,,,,,,,96,,,,,100,,,,,,,,,,,,,,,,160,,,,,,149,,,,,,,,,,,,,,,,,,,,,,,,,,,,,,,109,,,178,,159,,,,,,,116,,,,118,,,,,,,,,,,,,,,155,,,,,,,,,,,,,,,,,,,,,,,,,,,,,,,,,,,,,,,,142,,,,,,,,,,,173,,,,,,,,,,,,192,,,,,,,,,,,,,112,,,,,,,,,,,,,,,,,,,,,,,,,,,,,,101,,,,,161,,148,,,161,,,,,111,,,,,,,,,,,,,,144,,,,,,,,,152,,,,,,,,,,,,126,,,,,120,,,,,,,,,,,,,,,,,,,,,,,,,,,,,,,,,,,,,,123,196,,,,,,,,,,,,,,,103,,,,,,,,,,,,,,,,,,,,,,,,,,,,,,,,,,,,,,152,93,120,,,Desktop Support,,,,,,,,,,,,,,,,,,,,,,,,,,,,
,194,,,,130,,,,,,,,,,,,,,,,,,,,,,,,,,,,,151,,,,,,95,172,,,,,,,,,,,,,,,,,,,,,,,,,,,,,,,,,,,,,,,,,93,,,,,,107,,,,,,,,,117,,,,,86,,,,,,,116,,,194,,113,170,,,,,,,,,,,,,,,,,,,,170,,168,,,,,,,76,,,,,,103,,,,,,,,,,,,,,,178,,,,,,,,,,,77,,,,,,81,107,,,,170,,,,,,,,,,,,,,,,83,,,,,,,,,,,,,,,,,,,,,,,,,,84,,,,,,,,,121,,,,,195,,,88,,161,,,,,,,,,,,,,,,,,,,,,,,,,,135,,,,,,,,,,,,,,160,,,,,,,,,,,,,,,,78,135,,,,,169,,,,,,,,,,,,,,,,,,194,,,,,,,,145,,,,,,,,,,,,,,,,,,,,,,,,,,,,,,,125,,,,108,,,,,95,,148,,,148,,,,77,,,,,,,,,,,,,,,,,,,,,,,,110,,,,,,,,,,,,,,,,198,,,,,,,,,,,,,,,,,,,,,89,,,,,,,,,,108,,,,,,,,112,,,,,,,,,,,,,,,,,,,,,,,,,,,,,,,,,,,,,,94,,,,,,,,,,,106,,,,,149,,,,198,Front End Developer,,,,,,,,,,,,,,,,,,,,,,,,,,,,
,194,,,,120,,,,,,,,,,,,,,,,,,,,,,,,,,,,,146,,,,,,142,,,,,,,,103,,,,,,,,,,,,,,,,98,,,,119,,,,,,,,,,,,,,,,,,,123,133,,,,,,,,,,,,,,,,,,,,,,,109,,,129,100,,,118,,,,,,92,,,,,,,,,,,,,120,,,,,,,,,,,,,,,,,,,,,,,,,,,,,,,,156,,,,,189,,,,,,,,,114,,,,,,,,,,,,,,,,,,,,119,,121,103,,,,,67,,,,,,,,,,,,,,,,,,,,,,,,,,,,,,,,,,,137,,,,,,132,,,,,,,,,,,,,,145,,,,,,,,132,,,,,,,,,,151,121,,,,,,,,,,,,,,,,,,,,153,,,,,102,,,64,,,153,,,,,,,,,,,,,,,,,,,,,,,,,152,,,,,,,,,,,,,,,147,,,,,,,155,,,,,,,,106,,,,,140,,137,,,145,,,,,,,,,,159,,,,,,,,,99,112,,,,,,,,147,,,,,,,,,,,,,,,,,,,,,109,,,,,,,,,,,,,,,,,,104,,,,,,,,,,,,,,,,112,,,90,,,,,,,,,,,,,,,,,,,,,,,,,,,,,,,,,,,,,,,,,,,,,,131,,,,,134,,130,,,GIS,,,,,,,,,,,,,,,,,,,,,,,,,,,,
,192,,,,112,,,,,,,,,,,,,45,,,,,,,,,,,,,,,,141,,,,,,110,,,,,,,,,,,,,,,,,,,,,,123,,58,,,,139,,,,,,,,,,,,,,,,60,,,,113,,,,,,,,,,,,,,,,105,,,,,,,98,,,101,115,94,,,,,,,,,,,,,,,,,,,177,,148,,,,,,,,,,,,,,,,,,,,,,,,,,,,,,,,94,,,,,,,,,,,,107,,111,,,,,,,,72,,,,,,104,,,,,,101,,,,,,71,,,,,,,,,,,,,,,,,105,,,,,,,,93,99,,,,,,,,,,,108,,,,,,,,,,,,,,,,,,,,140,,,,,,105,,,,,,,,,,,,,,,,,,,151,,,,,,,,,,,,,,145,,111,,,171,,,,,,155,,,,,,,,,,,,192,,,,,,,196,161,,,,,,,,,,,,,,,,,,,,111,,,,,,,123,,,,95,,,,,,,,,94,,171,,,177,,,,100,,,,,,,,187,,,,,,,,,,,,,,,,146,,,,,,,,,,,,,,,,,,,,,108,,,,,,,,,,,,,,,,,,,,,,,,,,,,,,,,,,134,,,,,,,,,,,,,,,,,,,,,,,,,,,,,,,,,,,,,,,,,,,,,,,,,,,,,,136,,,,,Electrical Engineer,,,,,,,,,,,,,,,,,,,,,,,,,,,,
,191,,,,90,,,,,,,,,,,,,,74,,,,,,,54,,,,,,,160,143,,,,,,114,,,139,,,,,,,,,,,,,,,,,,,,,,,,,68,,,,,,,,,,80,,,,,52,99,,,,115,,,,,,,,,,,,,,,,,,,,,,,95,,,100,,,,,,,,,,,,,,,,,,,,,175,,128,,,,,,,,,,,,,,,,,,,,,,,,,,,,,,,,68,,,,,,,,,,,,,,103,,,,,,,,,,,,,,,,,,,,88,,,,,,,,,,,,,,,79,,,,,,,,,,,,,,,,,,,,,,,,150,,,,82,,,,,,,,,,,,,,,,,,,,151,,,,,,,158,,,,,,,,,,,75,,,,,,,133,,,,,,,,,,,,,,132,,,,,194,,,,,,,,,,,,,,,,,,193,,,,,199,,,141,,,,,,,,,,,,,,,,,,,,79,,,,,,,103,,,101,,,,,,,,,,84,,156,,,167,,,,97,,,,,,,,131,,,,,,,,,,,,,,,,138,,,,,,,,,,,,,,,,,97,80,,,112,,,,,,,,,,,,,,,,,,,,,,,,,,,,,,,,,,127,,,,,,,,,,,,,,,,,,,,,,,74,,,,,,,,,,,,,,,,,117,,,,,,,,,79,,,,,138,,67,,,CAD Designer,,,,,,,,,,,,,,,,,,,,,,,,,,,,
105,194,,,,105,,,,,,,,,,,,,,,,,,,,,106,,,,,,,,153,,,,,124,121,,,,,,,,,,,,,,,,,,,,,,,,60,,,,116,,,,,,,,,,,,,,,,,,,,135,,,,,,,,,,,,,,,,,,,,,,,96,,,122,117,,,,,,,,,,,,,,,,,92,,,170,,151,,,,,,,,,,,,,,,,,,,,,,,,,,,,,,,,90,,,,,,,,,,,,99,,127,,,,,,,,,,,,,,,,,,,,113,,,,,,,,,,,,,,,,,,,,,,,161,,,,,,,,,,,,,,,,100,,,,111,,,,,,91,,,,,,,,,,,,,,149,,,,,,,,,,,,,,,,,,,,,,,,,,,,,,,,,,,,,,,164,,103,,,194,,,,,,,,,,,,,,,,,,195,,,,126,137,,199,129,,,,,,,,,,,,,,,,,,,,119,,,,,,,136,,,129,110,89,,,,,,,,103,,164,,,151,,,,105,,,,,,,,190,,87,,92,,,,,,,,,,,,151,,,,,,,,,,,,,,,,,,,,,115,,,,,,,,,,,,,,,,,,,,,,,,,,,,,,,,,,134,,,,,,,,,,,,,,,,,,,,,,,,,,,,,,,,,,,,,,,,,,,,,,,,,,,,,,142,,93,,,Mechanical Engineer,,,,,,,,,,,,,,,,,,,,,,,,,,,,
,195,,,,111,,,99,,,,,133,,,,,,,,,,,,,,,,,,,,,156,,,,,,121,,143,,,,,,,,,,,,,,,,,,,,,,88,,,,,,,,,,,,,,,,,,,,85,,,,140,,,,,,,,,,,,,,,,,,,,,,,109,,,142,,,,,,149,,,,,,,,,,,,,,,,,138,,,,,116,,,,,,,,,,,,,,,,144,,,,,,,,,164,,144,,,,,,,88,,,,,91,,143,,,,,,,,,,,,,,148,,,,,,,,,,,,,,,150,,,98,,,,,,,,,,,,,,,171,,,,,,,,,,,,,,,,144,,,,,,,,,,,,,,,,,,,,108,,,,,,,,,,,,,30,116,,,,125,,,,,,,,,,,,,,,,,,,,,168,,,187,,,,,88,,,,,,,113,,,,116,,,,193,,,,,,,,,,,,,92,,,,,150,,,,,,,,,,112,,,,,,,,,134,,,,,,,,,,,,,155,,,151,,,,143,,,,,,,,,,,,116,,,,,129,,,,,,,158,,,,,,,,,,,,,,,,,,,,,,,,,,,,,,,,,,,,,,,,,123,,,,,,,,,,,,,,110,,,,,,,,,,,,,,,,,,,,,,,,,,,,,,,,,,,,,,,,,,,,,,,,,,,,,,176,,164,,,Safety Manager,,,,,,,,,,,,,,,,,,,,,,,,,,,,
132,194,,,,133,,,,,,,,,,,,,,,,,,,,,,,,,,,,,159,,,,,,,,,,,,,,,,,,,,,,,,,,,,,,,,,,121,,,,,,,,,,,,,,133,,,,,,137,,,,,,,,,,,,,,116,,,,,,,,,,,,,151,,,,,,,,,,,,,,136,,,,,82,,,184,,92,,,,,141,,,,,,,,,,,,114,,,,,,,,,,,,,,,,,,140,,163,,,,,,187,145,,,,,,,,,,,,,,147,,,,,,174,,,,,,,,,,,,,,,,,,,,,,,133,,,,,,,,,,,,116,,,,,,,,117,,,,,,,,,,,,,,,,,,,,140,,,,,,,,123,107,124,,,,,,,,,,,,,,,,,,,,,,,101,,,,,94,158,,,,,167,119,,,,,,,,,,108,,,,82,,,,,,,,,,,,,,,,102,,,,,,,145,,,,,,,,137,,,,,,85,,,,,113,,,,,,,,,135,,,,,,,,,,,,,,,,,103,,,,,,,,,,,,,,,,107,,,,,,,,,,,,,,,,182,,,,,94,,199,,,,,,,,,,,,,,,,,,,,,,,,,,,,193,,,,,,,,,,,,,,,,,,,,,,,,,,,,,,,,,116,,,,,,,,,,,,,,,,,,,,,,,,,169,,132,,,Solutions Architect,,,,,,,,,,,,,,,,,,,,,,,,,,,,
,184,,,,109,,,,,,,,,,,,95,,,,,,,,,,,,,,,,,148,,,,,,73,,,,,,,,,,,,,,,,,,,,,,,,,,,,76,,,,,,,,,,,,,,,,,,,,119,,,,,,,,98,,,,,,,,,,,,,,,80,,,105,127,,,,,94,,,,,,,,,,,,,,,,100,139,,,,,,,74,,,,,,,,,163,,,,,,,,,,,,73,,,,,,,,,95,,82,,,,,,,118,,,,,,,,,,,,,,,,,,,,94,,,,,,176,,,,,,,,91,,,,,,,,,112,,,,,101,,,,,,,101,,,,,,,,,,,,,,,101,,,,,,,,,,,,,111,,,,,,,,,,,,,,,,,,,,,,,,,,,,,,,,,,,,,,,133,,186,,,94,,,,,,119,,,,,,,,,,,,193,,,,110,,,101,109,,,,,,,,,,,,,,,,,,,,,,,,,,,,,,,86,159,,,,,,,,128,,145,,,127,,,,,,,,,,,,,,,,,,,,,,,,,,,,130,,,,,,,,,,,,,,95,,164,,,,,,,,,,,,,,,,,,,,,,,,,,,,,,,,,,,,,,,102,,,,,,,,,,,,,,,,,,,,,,82,87,,,,,,,,,,,,,,,,,,,,,,,,,,92,,,,,149,,93,,,QA,,,,,,,,,,,,,,,,,,,,,,,,,,,,
110,192,,113,,139,,,,,,,,,,,,,121,,,,,,,,,,,,,,,,147,,,,,,118,,,,,,,,,,,,,,,,,122,129,,,,,,,,,,185,,,,,,,,,,,,,,,,,,,,133,,,,,,,,,,,,,,,,,,,,,,,100,,,142,,,,,,,,,109,,,,,,110,,,,,,,,124,,138,,,,,116,,,,,,,,,,,,,,,123,,,,,,,,,,138,,,,,,,,,,,,,103,121,,,,,,,,,,,,,,154,,,,,,130,,,,,,,,,,,,,,,,,,,,,,,,,,,,,,,108,,,,,150,,,,,,,123,,,,103,,,,,,,,,,,,,,,145,,,,,,170,,,,,,,,,,,,,,,,,,,,,,,,,,,,,160,,,,,172,,,,,,,,,,,199,,,,,,,,,105,,,192,,,,,,,,,,,,,130,,,,,,,,,,,,,,,183,,,,,,,138,,,124,101,,,,,,,,,149,,121,148,,,,,,,,,,,,,,,,,,,,,129,,,,,,,,,145,,,,,,,,,,,,101,,,,,,,,,,,,,,,,100,,,,,,,,,,,,,,,,,,,,,,,,119,,,,,,,,,,,,,,,,,,,,,,,,,,,,,,,,,,,,,,,,,,,,,,,,,,,,,,,,,167,,131,,,Systems Administrator,,,,,,,,,,,,,,,,,,,,,,,,,,,,
,193,,,,106,,,,,,,,,,,,,,,,,,,,,73,,,,,,,,165,,,,,92,148,,,,,,,,,,,,,,,,,,,,,,,,81,,,,122,,,,,,,,,,,,,,,,,,,,120,,,,,,,,,,,,,,,,,,,,,,,112,,,118,124,94,,115,,,,,,,,,,,,,,,,,,,150,,,,,,,,,,,,,,,113,,,,,,,,,,,,,,,,,106,,,,,,,,,,,,95,,116,,,,,,,,,,,,,,,,,,,,130,,113,,,,70,,,,,,,,,,,,,,,,,127,,,,,,,,166,,,,,,,,,,,,116,,,,,,89,,,,,,,,,,,,,,137,,,,,,,,,,,,,,,,,,103,,,,,,,,,,,,,,,72,,,,,,157,,100,,,162,,,,,,138,,,,,,,,,,,,189,,,,111,,,200,,,,,,,,,,,,,,,,,151,,,,131,,,,,,,152,,,,107,,,,,,,,,74,,140,,,144,,,,123,,,,,,,,190,,,,,,,,,,,,,,,,148,,,,,,,,,,,,,,,,,,,,,99,,,,,,,,,,,,,,,,,,,,,,,,,,,,,,,,,,123,,,,,,,,,,,,,,,,,,,,,,,,,,,,,,,,,,,,,,,,,,,,,,,,,,,,,,,,96,,197,Entry Level Mechanical Engineer,,,,,,,,,,,,,,,,,,,,,,,,,,,,
,195,,,,88,,,,,,97,,,,,,,,,,,,,,,,,,,,,,,141,,,,,,115,,,,,,,,,,,,,,,,,,,,,,,,,,,,,,,,,,,,,,,,,,,,129,,,,113,,,,,,127,,,,,,,,,,,,,,,,,82,,,,99,,,,,88,,,,,,,,,,,,,,,,,145,,,,,,,,,,,,,,,,,,99,,,,,,,,,,,,,,92,,,,,,,,,,,,83,,132,,,,,,,,,,,,,,,,,,,,101,,,,,,,,,,,,,,,,,,,,,,,,,,,,,,,,,,,86,,,,86,,,,128,,,,,,,,,,,,,,,,,,,,199,,,,,,,,,,,,,,,,,,104,,,,,,,157,,,,,,,,,,,,,,143,,,104,,131,,,,,,,,,,,,,,,,,,193,,,,111,,,192,171,,,,,78,,,,,100,,,,,,,,,,113,,,,,,,141,,,139,,90,,,,,,,124,,,185,,,181,,,,121,,,,,,,,163,,,,100,,,,,,,,,,,,155,,,,,,,,,,,,,,118,,,109,,,,145,,,,,,,,,,,,,,,,,,,,,,,,,,,,,,,,,,149,,,,,,,,,,,,,,,,,,,,,,,,,,,,,,,,,,67,,,,,,,,,,,,,,,,,,,,154,,148,,,Project Engineer,,,,,,,,,,,,,,,,,,,,,,,,,,,,
142,191,,93,,,,,,,,,,,,,,,134,,,,,,,,,,,,,,,,155,,,,,,123,,,,,,,,,,,,,,,,,,104,,,,,,,,,,134,,,,,,,,,,,,,,,,,,85,,124,,,,,,,,,,,,,,,,,,,,,,,117,,,125,,,,,,,,,,,,,,,,,,,,,170,,130,,,,,,,103,,,,,,135,,,,,,,,,,,,,,,,,,,113,,,,,,,,,,,,,,,,,,,,,,,,,,,,157,,,,,,151,,,,,,,,,,,,,,,,,,,,,,,,,,,,,,,118,132,,165,,161,,,,,,,103,,,,116,,,,,,,,,,,,,,,129,,,,,,,,,,,,,,,,,,,,,,,,,,,,,,,,,,,,,,,,150,,,,,,,,,,,161,,,,,,,,,,,,192,,,,,,,,142,,,,,109,,,,,,,,,,,,,,,185,,,,,,,,,,,92,,,,93,,,,,143,,173,,,176,,,,98,188,,,,,,,,,,,,,,131,,,,,,,,,161,,,,,,,,,,,,132,,,,,125,,,,,,,,,,,,,,,,,,,,,,,147,,,,,,,,,,,,,,,132,194,,,,,,,,,,,,,,,105,,,,,,,,,,,,,,,,,,,,,,,,,,,,,,,,,,,,,,130,116,101,,,Help Desk,,,,,,,,,,,,,,,,,,,,,,,,,,,,
147,198,,,,163,,,,,,,,,,,,,,,,,,,,,,,,,,,,,160,,,,,,104,,,,,,,,,,,,,,,,,,,,,,,,,,,,150,,,,,,,,,,,,,,116,,,,,,154,,,,,,,,,,,,,,,,,,,,,,,100,,,149,113,,,,,,,,,,,,,,123,,,,,,,108,172,,108,,,,,122,,,,,,,,,,,,,,,,,,,,,,,,,120,,,,,127,,112,,,,,,138,101,,,,,,,,,,,,,,161,,,,,,,,,,,,,,,,,,,,,,,,,,,,,,,,,,,,,,,,,119,166,,,,,,,124,,,,102,,,,,,,,,,,,,,,145,,,,,,,,,,,,,,,,,,,,,,,,,,,,,,,,,,105,,,,,,168,,,,,107,,,,,,166,,,,,,,,,100,,,195,,,,,,,186,,,,,,105,,,,,,,,,,,,,,,,,,,,,,,,,,124,,,,84,,,,,128,,132,,,134,,,,99,,,,,,,,125,,,,,,,106,,,,,,,,,140,,,,,,,,,,,,118,,133,,,,,,,,,,,,,,,,,,,,,,,,,,,,,,,,,,,,,,,,,106,,,,,,,,,,,,,,,,,,,,,,,,,,,,,87,,,,,,,,,,,,,,,,,,,,,,,,,162,,138,,,Technical Support Engineer,,,,,,,,,,,,,,,,,,,,,,,,,,,,
96,200,,,,151,,,,,,,,,,,,,95,,,,,,,,,,,,,,,,130,,,,,,99,,,,,,,,,,,,,,,,,,,,,,,,,,,,146,,,,,,,,,,,,,,102,,,,,,120,,,,,,,,,,,,,,,,,,,,,,,94,,,122,,,,,,,,,,,,,,,109,,,,106,,,,138,,123,,,,,102,,,,,,,,,,,,,,,,,,,,,,,,,110,,,,,105,,87,,,,,,95,114,,,,,,,,,,175,,,,121,,,,,,117,,,,,,,,,,,,,,,,,,,,,,,,,,,,,,,,,,,,138,,,,,,,128,,,,,,,,,,,,,,,,,,,,,,,,,,,,,,,,,,,,,,,,,,,,,,,,,118,,,,,90,,,,,148,,,,,139,,,,,,164,,,,,,,,,101,,,193,,,,,,,182,150,84,,,,85,,,,,,,,,,,,,,,155,,,,,,,,,,,108,,,,,,,,,96,100,179,,,165,,,,,,,,,,,,97,,,,,,,92,,,,,,,,,149,,,,,,,,,,,,80,,,,,,,,,,,,,,,,,,,,,,,,,,,,,,,,,,,,,,,,,,,133,,,,,,,,,,,,,,,,,,,,,,,,,,,,,,,,,,,,,,,,,,,,,,,,,,,,,,153,,115,,,Network Engineer,,,,,,,,,,,,,,,,,,,,,,,,,,,,
,189,,,,104,,,,,,,,123,,,,,,,,,,,,,,,,,,,,,149,,,,,,120,,144,,,,,,,,,,,,,,,,,,,,136,,81,,,,,,,,,96,,154,,,,,,,,,,,,,139,,,,,,,,,,,,,,,,,,,,,,,112,,,154,,,,,,149,,,,,,,,,,,,,,,,,125,,,,,112,,,,,,,,,,,,,,,,155,,,,,,,,,148,,134,,,,,,,,,,,,83,,144,,,,,,,,,,,,,,137,,,,,,,,,,,,,,,146,,,101,,,,,,,,,,,,,,,166,,,,,,,,,,,,,,,,115,,,,,,,,,,,,,,,,,,,,,,,,,,,,,,,,,,129,,,,,,,,,,,,,,,,,,,,,,45,,,160,,,,,,,,99,,,,,,,,,,,103,,,,188,,,,,,,,,,,,,86,,,,,120,,,,,,,,,,109,,,,,,,128,,129,,103,,,,,,,,,,,170,148,,161,,,,130,,,,,,,,,,,,109,,,,,114,,,,,,,165,,,,,,,,,,,,,,,,,,,,,,,,,,,,,,,,,,,,,,,,,130,,,,,,,,,,,,,,130,,,,,,,,,,,,,,,,,,,42,,,,,,,,,,,,,,,,,,,,,,,,,,,,,,,,,,,152,,149,,,Safety Coordinator,,,,,,,,,,,,,,,,,,,,,,,,,,,,
153,195,,,,146,,,,,,,,,,,,,130,,,,,,,,,,,,,,,,153,,,,,,126,,,,,,,,,,,,,170,,,,,123,,,,,,,,,,142,,,,,,,,,,,,,,,,,,93,,137,,,,,,,,,,,,,,,,,,,,,,,115,,,126,,,,,,,,,,,,,,,86,,,,,,180,,133,,,,,,,115,,,,,,138,,,,,,,,,,,,,,,,,,,112,,,,,,,,,,,,,,,,,,,,,,,,,,,,154,,,,,,152,,,,,,,,,,,,,,,,,,,,,,,,,,,,,,,122,141,,167,,167,,,,,,,100,,,,122,,,,,,,,,,,,,,,151,,,,,,,,,,,,,,,,,,,,,,,,,,148,,,,,,,,,,,,,,152,,,,,,,,,,,169,,,,,,,,,,,,196,,,,,,,,156,,,,,105,,,,,,,,,,,,,,,191,,,,,,,,,,,,,,,,,,,,147,,174,,,180,,,,90,183,,,,,,,,,,,,,,141,,,,,,,,,157,,,,,,,,,,,,143,,,,,125,,,,,,,,,,,,,,,,,,,,,,,148,,,,,,,,,,,,,,,141,191,,,,,,,,,,,,,,,106,,,,,,,,,,,,,,,,,,,,,,,,,,,,,,,,,,,,,,137,106,,,,Help Desk Technician,,,,,,,,,,,,,,,,,,,,,,,,,,,,
,190,,,,115,,,,,,,,,,,,,,,,,,,,,102,,,,,,,,156,,,,,,,,,,,,,,,,,,,,,,,,,,,,,,,,,,,,,,,,,,,,,,,,,,,139,,,95,,,,,,,,,,,,,,93,,,,,,,,,,,,111,120,,,,,,,,,126,,,,,,,,114,,,,114,175,,,,,,,,,,,,,181,,,,,,,,,,,,,,,128,,,,,,,,,,,106,,,,,,97,110,,,,,,,,,,,,,,,,91,,,,,,,,,,80,,,,117,,,,,,,,,,,,,163,,,93,,,,,,,,159,122,,,,,193,,,81,,,,,,,,,,,,,,,,,,97,,,,,,109,,,183,,,100,,,,,,,,,,,,,,,,,,,,,,,,,,,,86,155,,,,,,,,,,,,,,,,,,,,,,,,85,,,110,,,,,,,,,,,,,,,,,,,,,,,,,,,,,,,,,,,114,,,,,,,,,100,,,,,132,,,,89,104,,,,,,128,,,,,,,,,,,,,,,,,92,,,,,,,,,,,,,,,,,,,,100,88,,,,,,,,,,,,,,,,,,,,,,101,,,,,,,,,,,,,,,,,,,,,,,,,,,,,,,,,,,,,,,118,,,,,,,,,,,104,,,,,,,,,,,,,,,186,154,,,95,,UX Designer,,,,,,,,,,,,,,,,,,,,,,,,,,,,
133,197,,93,,,,,,,,,,,,,,,120,,,,,,,,,,,88,,,,,150,,,,,,142,,,,,,,,,,,,,,,,,,,,,,,,90,,,,165,,,,,,,,,,,,,,,,,,,,140,,,,,,,,,,,,,,,,,,,,,,,120,,,,106,,,,,,,,,,,,,,108,,,,,,184,,122,,124,,,,,143,,,,,,,,,,,,,,,,,,,,,,,,,144,,,,,,,97,,,,,,89,131,,,,,,,,,,,,,,160,,,,,,151,,118,,,,,,,,,,,,,,,,,,,,,,,,,111,,,,118,,,,,157,,,,,,,133,,,,,,,,,,,,,,,,,,,145,,,,,,,,,132,,,,,,,,,,,,,,,,,,,,,,,,,82,,,,,,157,,,,,,,121,,,167,183,,,,,,,,,,,,193,,,,,,,,,,,,,144,,,,,,,,,,,,161,,,185,,,,,,,,,,,,,,,101,,,,,151,,152,,,158,,,,,,,,,,,,,,,,,,,145,131,,,,,,,,161,,,,,,,,,,,,,,,,,132,,,,,,,,,,,,,,,,,,,,,,,,,,,,,,,,,,,,,,110,,,,,,,,,,,,,,,,,,,,,,,,,,,,,,,,,,,,,,,,,,,,,,,,,,,,,,146,,132,,,IT Specialist,,,,,,,,,,,,,,,,,,,,,,,,,,,,
,199,,117,,,,,,,,,,,,,,,128,,,,,,,,,,,,,,,,153,,,,,,124,,,,,,,,,,,,,,,,,,124,,,,,,86,,,,188,,,,,,,,,,,,,,,,,,,,144,,,,,,,,,,,,,,,,,,,,,,,116,,,146,,,,,,,,,105,,,,,,124,,,,,,,,141,,148,,,,,130,,,,,,,,,,,,,,,98,,,,,,,,,,143,,,,,,,104,,,,,,,123,,,,,,,,,,,,,,154,,,,,,138,,,,,,,,,,,,,,,,,,,,,,,,,,,,,,,,,,,,158,,,,,,,134,,,,,,,,,,,,,,,,,,,161,,,,,,164,,,144,,,,,,,,,,,,,,,,,,,,,,,,,,153,,,,,170,,,,,,,,,,,196,,,,,,,,,100,,,196,,,,,,,,,,,,,142,,,,,,,,,,,,,,,183,,,,,,,139,,,,109,,,,120,,,,,155,,149,158,,147,,,,,,,,,,,,,,,,106,,,133,118,,,,,,,,160,,,,,,,,,,,,102,,,,,,,,,,,,,,,,,,,,,,,,,,,,,,,,,,,,,,,,140,,,113,,,,,,,,,,,,,,,,,,,,,,,,,,,,,,,,,,,,,,,,,,,,,,,,,,,,,,171,,148,,,System Administrator,,,,,,,,,,,,,,,,,,,,,,,,,,,,
,191,,,,81,,,,,,,,,,,,,,,,,,,,,,,,,,,,,111,,,,,,89,,,163,,,,,,,84,,,,,,,,,,,,,,,,,,32,,,,,,,,,,,,,,,40,95,,,,98,,,,,,,,,,,,,,,,,,,,,,,93,,,,,,,,,,,,,,,,,,,,,,,,185,,108,,,,,,,,,,,,,,,,,,,,,,,,,,,,,,,,,,,,,,,,,,,,,,82,,,,,,,,49,,,,,,,,,,,,,,,,,,,,,,,,,,,46,,,,,,,,,,,,,,,,,114,,,,,,,140,,,,,,,,,,,,,,,,,113,,,,,,,121,,,,,,,72,,,,,,,,,,,65,,,,,,,169,,,,,,,56,,,,,,,104,,,,,157,,,,,,,,,,,,,,,,,,193,,,,,185,,,170,,,,,,,,,,,,,,,,,,,,,,,,,,,79,,,90,,,,,,,,,,69,,177,,,178,,,,100,,,,,,,,95,,,,62,,,,,,,,,,,,130,,,,,,,,,,,,,,,,,79,59,53,,84,,,,,,,,,,,,,,,,,,,,,,,,115,,,,,,,,,,147,,54,,,,,,,,,,,,,,,92,,,,,,69,,,,,,,,,,,,,,,,,144,,,,,,,,,62,,,,,132,,,,,Drafter,,,,,,,,,,,,,,,,,,,,,,,,,,,,
123,195,,,,126,,,,,,,,,,,,,121,,,,,,,,,,,,,,,,154,,,,,,152,,,,,,,,,,,,,,,,,,,,,,,,113,,,,169,,,,,,,,,,,,,,,,,,,,147,,,,,,,97,,,,,,,,,,,,,,,,130,,,142,,,,,,,,,,,,,,,106,,,,,,,,134,,105,,,,,178,,,,,,,,,,,,,,,,,,,,,,,,,145,,,,,118,,111,,,,,,,123,,,,,,,,,,,,,,155,,,,,,151,,119,,,,,,,,,,,,,,,,,,,,,,,,,103,,,,118,,,,,158,,,,,,,139,,,,,,,,,,,,,,,,,,,131,,,,,,,,,139,,,,,,,,,,,,,,,,,,,,,,,,,,,,,,,169,,,,,,,,,,,184,,,,,,,,,,,,192,,,,,,,,,,,,,,,,,,,,,,,,,,,,177,,,,,,,142,,,,121,,,,108,,,,,150,,153,144,,168,,,,,,,,,,,,,,,,112,,,161,121,92,,,,,,,167,,,,,,,,,,,,,,,,,113,,,,,,,,,,,,,,,,,,,,,,,,,,,,,,,,,,,,,,114,,,,,,,,,,,,,,,,,,,,,,,,,,,,,,,,,,,,,,,,,,,,,,,,,,,,,,144,104,140,,,Information Technology,,,,,,,,,,,,,,,,,,,,,,,,,,,,
,186,,,,112,,,,,,,,,,,,,,,,,,,,,,,,77,,,,,139,,,,,,125,,,,,,,,,,,,,,,,,,,,,,,,80,,,,169,,,,,,,,,,,,,,,,,,,,124,,,,,,,,,,,,,,,,,,,,,,,91,,,113,125,,,,,,,,,,,,,,,,,,,,,,134,,,,,,,111,,,,,64,125,,,,,,,,,,,,,,,,,,,138,,,,,128,,152,,,,,,100,142,,,,,,,,,,,,,,134,,,,,,127,,110,,,,92,,,,,,,,,,,,,,,,,,,,,85,,,,,,,,,,,,,,,,97,,,,,,95,,,,,,,,,,,,,,135,,,,,,,,144,,,,,,,,,,,,,,,,,,,,,,,,,,,,,,,136,,,,,123,,,,,,195,,,,,,,,,,,,189,,,,133,,,,,,,,,140,,,,,,,,,,,,,,,156,,,,,,,161,81,,,106,,,,119,,,,,123,,146,,,120,,,,,,,,,,,,,,,,,,,121,104,,,,,,,,136,,,,,,,,,,,,,,,,,,,,,,,,,,,,,,,,,,,,,,,,,,,,,,,,,,,,,,,,,,138,,,,,,,,,,,,,,,,,,,,,,,,,,,,,,,,,,,,84,,,,,,,,,,,,,,,146,,120,,,Systems Analyst,,,,,,,,,,,,,,,,,,,,,,,,,,,,
,198,,,,120,,,,,,,,,,,,,,,,,102,,,,,,,,,,,,147,,,,,,99,113,,,,,,,,,,,,,,,,,,,,,,,,,,,102,,,,,,,,,,,,,,102,,,,,,136,,,,,,,,,116,,,,,,,,,,,,,,,,,124,181,,,,,,,,,,,,,,108,,,,,,178,,162,,,,,,,100,,,,,,,,,,,,,,,,,,,,,139,,,,,,,,,128,,102,,,,,,102,120,,,,161,,,,80,,,,,,,,,,,,96,,,,,,,,,,,,,,,,,,,,,,,,,,,,,,,,108,,154,111,,,,,,,,91,,,,,,,,,,,,114,,86,,,,,,,,,,,,,,142,,,,,,,,,,,,,,,,,152,,,,,,,,,,,,,,138,,,,,154,,,,,,,,,,,,,,,,,,194,,,,,,,,165,,,,,,,,,,,,,,,,,,,,119,,,,,,,,113,,,122,,,,116,,,,,,,176,,,167,,,,93,,,,,,,,,,,,,,,124,,,,,,,,,137,,,,,,,,,,,,,,,,,,,,,,,,,,,,,,,,,,,,,,,,,,,,,,,,,,,,,,,125,,88,,,,,,,,,,,,,,,,,,,,,,,,,,,,,,,,,,,,,,,,,,,,,,,104,,,,,138,,90,,,Software Developer,,,,,,,,,,,,,,,,,,,,,,,,,,,,
,193,,,,112,,,,,,,,,,,,,,,,,,,,,121,,,,,,,,146,,,,,,95,,,,,,,,,,,,97,,,,,,,,,,,,,,,,94,,,,,,,,,,,,,,,,,,,,133,,,,,,,,,,,,,,,,,,,,,,,99,,,122,108,,,,,,,,,,,,,,,,,,,,188,,146,,,,,,86,,,,,96,,,,,,,109,,,,,,,,,,,,,,116,,,,,,,,,,,,143,,132,,,,,,,,,,,,,,,,,,,,121,,,,,,,,,,,,,,,114,,,,,,,,188,,,,,,,,,,,,,,,,,,,,92,,,,,,,,,,,,,,,,,,,,129,,,,,,,,,,,,,,,,,,,,,,,,,183,,,,,,,,,,,,,,162,,,,,168,,,,,,,,,,,,,,,,,,198,,,,186,,,198,184,,,,,,,,,,,,,,,,,,,,151,87,,,,,,143,,,,141,148,,,,,,,,,,191,,,185,,123,,108,,,,,,,,,,158,,97,,,,,,,,,,,,168,,,,,,,,,,,,,,,,168,,,,,99,,,,,,,,,,,,,,,,,,,,,,,,,,,,,,,,,,148,,,,,,,,,,,,,,,,,,,,,,,,,,93,,,,,,,,,,,,,159,,,,,,,,,,,,,,,168,,106,,,Manufacturing Engineer,,,,,,,,,,,,,,,,,,,,,,,,,,,,
100,195,,,,130,,,101,,,,,,,,,,,,,,,,,,,,,,61,,105,,152,,,,,,104,,91,,,,,,,,,,,,,,,,,,,,,,,,,,148,,,,,,,,,,,,,79,,,,,,,143,,,,,,,,,,,,,,85,,,,,,,,,97,,,124,,,,,,86,,,,,,,,,94,,,,,,,109,156,,,,,89,,114,,,,,,,,105,,,,,,,,,,,,,,,,,131,,,,,119,,94,,,,,,98,114,,,,,,,,,,,,,,137,,,,,,117,,106,,,,,,,,,,,,,,,,,,,,,,,,,,,,,,,,,99,,,,,,,,109,,,,,,105,,,,,,,,,,,,,134,,,,,,,,,,,,,,,99,,,,,,,,,,,,,,,,,,,,,,,,,175,,,,,,,,,,,167,,,,,,,,,,,,,,,,,,,,,,,,,170,,,,,,,,,,,,,,,146,84,,,,,,140,,,,85,,,,,,,,,,,114,,,,,,,97,,,,,,,,,,,,,,,99,,,,,,,,,134,,,,,,,,,,,,,,,,,,,,,,,,,,,,,,,,,,,,,,,,,,,,,,,,,,,,,,,102,,,164,,,,,,,,,,,,,,,,,,,,,,,,,,,,,,,,,,,,,,,,,,,,,,,,,,,156,,143,,,Security Analyst,,,,,,,,,,,,,,,,,,,,,,,,,,,,
139,194,,,,113,,,,,,,,,,,,,,,,,,,,,109,,,,,,,,153,,101,,,159,122,,,,,,122,,,,,,,,,,,,,,,,,,,,,,,,,,,120,,,,,,,,,,,,,,,119,,,,,,,,,,,,,,,,,,,,,,,110,,,156,103,,,,,159,,,,,,,,,,,,,,,,,166,,,,,,,,,,,,,,,,,,118,,,,,,106,,,,,,,,,,,,,,,127,,,,120,110,,134,,,,,,,,,,,,,,,,,,,,,,,,,,,,,152,,,,,,,,,,,,,,200,,,,123,,,,,,,,,,,,,,,,133,,,104,,,,,,,,,,,,,,,,,,,,,,,,,,,,,,,117,,,,,,,,,,,,,,,,,,,,,,,,,159,,,180,,,,,,,,,,,,,,,,,,,,195,,,,157,,,,,138,,,,,,,,,,,,,,,,,,,126,150,,,,,,,,,139,,170,,,,,,,,,,156,,,173,,126,,148,,,,,,,,,,,,111,,,,,125,,,,,,,150,,,,,,,,,,,,,,,,159,,,,,,,,,,,,,,,,,,,,,,,,,,,,,,,,,,,,,,,121,,,,,,,,,,,,,,,,,,,,,,,,,,,,,,,,,,151,,,,,108,,,,,,,,,,,,,,,179,,168,,,Production Manager,,,,,,,,,,,,,,,,,,,,,,,,,,,,
111,196,,,,120,,,,,,,,,,,,,,,,,,,,,,,,77,,,,,151,,,,,,124,,,,,,,,,,,,,,,,,,,,,,128,,78,,,,112,,,,,,,,,,,,,,,,,,,,139,,,,,,,,,,,,,,,,,,,,,,,121,,,108,,,,110,,,,,,,,,,,106,,,,,,,,126,,59,,,,,75,,,,,,,,,,,,,,,,,,,,,,,,,106,,,,,116,,89,,,,,110,,120,,,,,,,,,,,,,,137,,,,,,112,165,101,,,,,,,,,,,,,,,,,,,,,,,,,77,,,,94,,,,,149,,,,,,,122,,,,,,,,,,,,,162,,,,,,114,,,,,,,,,,,,,,,,,,,,,,,,,,,,,,,,,,,,,,,,155,,,,,,,,,,,137,,,,,,,,,,,,195,,,,,,,,,,,,,106,,,,,,,,,,,,,,,133,,,,,,,,,,,,,,,,,,,,,,163,,,147,,,,,,,,,,,,68,,,,91,,,,95,80,,,,,,,155,,,,,,,,,,,,,,193,,,,,,,,,,,,,,,,,,,,,,,,,,,,,,,,,,,,,,,,,117,,,,,,,,,,,,,,,173,,,,,,,,,,,,,,,,,,,,,,,,,,,,,,,,,,,,,77,,157,,104,,,Telecommunications,,,,,,,,,,,,,,,,,,,,,,,,,,,,
113,186,,,,104,,,,,,,,,,,,,,,,,,,,,,,,,,,,,146,,,,,96,96,,,,,,,,,,,,,,,,,,,,,,,,,,,,109,,,,,,,,,,,,,,,,,,,,117,,,,,,,,,,,,,,,,101,,,,,,,92,,,126,124,,,,,104,,,,,,,,,,,,,,,,91,150,,,,,,,,,,,,,,,,,,,,,,,,,,,,,,,,97,,,,,115,,,,,,,,,124,,,,,,,,,,,,,,,,,,,,101,,,,,,98,,,,,,,,,,,,,,,,,157,,,,,,,,,,,,,,,,,,,,105,,,,,,88,,,,,,,,,,,,,,104,,,,,,,,,,,,,,,,,,,,,,,,,157,,,,,,,,,,,,,,157,,128,,,104,,,,,,144,,,,,,,,,,,,192,,,,160,,,185,149,,,,,,,,,,,,,,,,,,,,112,,,,,,,131,,,,95,191,,,,,,,,88,,177,,,172,,90,,95,,,,,,,,136,,76,,,,,,,,,,,,,,145,,,,,,,,,,,,,,,,162,,,,,,,,,,,,,,,,,,,,,,,,,,,,,,,,,,,,,,,139,,,,,,,,,,,,,,,,,,,,,,,,,,,,,,,,,,,,,,,107,,,,,,,,,,,,,,,168,,119,,,Quality Engineer,,,,,,,,,,,,,,,,,,,,,,,,,,,,
,187,,,,113,,,,,,,,,,,,113,,,,,,,,,,,,,,,,,143,,,,,,,,,,,,,,,,,,,,,,,,,,,,,,,,,,65,,,,,,,,,,,,,,,,,,,,106,,,,,,,,110,,,,,,80,,,,,,,,,72,,,116,135,,,,,86,,,,,,,,,,,,,,,,103,161,,,,,,,,,,,,,,,,175,,,,,,,,,,,,75,,,,,,,,,97,,87,,,,,,,116,,,,,,,,,,,,,,,,,,,,80,,,,,,185,,,,,,,,82,,,,,,,,,105,,,81,,75,,,,,,,105,,,,,,,,73,,,,,,,84,,,,,,,,,,,,,113,,,,,,,,,,,,,,,,,,,,,,,,,,,,,,,,,,,,,,,128,,198,,,,,,,,,104,,157,,,,,,,,,,189,,,72,,,,,,,,,,,,,,,,,,,,,,,,,,,,,,,,,,,,85,141,,,80,,,,,129,,115,,,115,,,,,,,,,,,,,,,,,,,,,,,,,,,,117,,,,,,,,,,,,82,,106,,,,,,,,,,,,,,,,,,,,,,,,,,,,,,,,,,,,,,,,,79,,,,,,,,,,,,,,,,,,,,,,72,96,,,,,,,,,,,,,,,,,,,,,,,,,,85,,,,,131,,85,,,QA Tester,,,,,,,,,,,,,,,,,,,,,,,,,,,,
,194,,,,119,,,,,,,,,,,92,,,,,,,,,,,,,,,106,,,160,,,,,,,,,,126,,,,,,,,,,,,,,,,,,,,,,,,,,,,,,,,,,,,,,,,,,,,130,,,,,,,,,,,,,,,,,,,,,,,,,,,119,,163,,,,,,,86,,,,,,,,,,,,111,156,,,147,,,,,,,84,,,,,,,78,,,,,,,,,,,,,,,,,,116,,,,130,,,,,,90,,,,,,,,,,,,,,,,,,,,,79,,,,,,,,,,,,,,,,,,,,,,,120,,,,,,,,,,,,126,,,,,,,,96,,,,,,146,,84,,,,168,,,,140,,,,,,91,,,,,,,,,,,,,,,,,,,,,,,,,,,,,,,,,,,,,162,,,,,107,,,,,,,171,,,,,,,,,,,,,,,,,,,,,,,,75,,,,,,,,,,,,,,122,103,,,,,,,106,111,,,123,,,,,,,,,,,147,,,145,,,,99,,,,,,,,90,,,,,,,115,,,,,,,,,123,,,,,,,,,,,,,,,,167,,,,,,,,,,122,,,,,,125,,,,,,,,,,,,,,,,,,,,,,,120,,,,,,,,,,91,,,,,,,,,,,,,,,,,,,,,,,,,,,,,,,,,,,,,,,124,,,,,142,97,,,,Data Scientist,,,,,,,,,,,,,,,,,,,,,,,,,,,,
147,190,,,,,,,,,,,,,,,,,,,,,,,,,111,,,,,,,,151,,,,,,124,,,,,,115,,,,,,,,,,,,,,,,,,,,,,,,,,,126,,,,,,,,,,,,,,,122,,,,,,,,,,,,,,,,,,,,,,,109,,,153,107,,,,,150,,,,,,,,,,,,,,,,,159,,,,,,,,,,,,,,,,,,124,,,,,,,,,,,,,,115,,,,,,,128,,,,127,120,,127,,,,,,,,,,,,,,,,,,,,,,,,,,,,,154,,,,,,,,,,,,,,195,,,,117,,,,,,,,,,,,,,,,140,,,93,,,,,,,,,,,,,,,,,,,,,,,,,,,,,,,109,,,,,,,,,,,,,,,,,,,,,,,,,165,,,175,,,,,,,,,,,,,,,,,,,,,,,,168,,,,,143,,,,,,,,,,,,,,,,,,,121,155,,,,,,155,,,142,,167,,,,,,,,,,160,,,169,,124,,155,,,,,,,,114,,169,,102,,,,,126,,,,,,,145,,,,,,,,,,,,,,,,159,,,,,,,,,,,,,,,,,,,,,,,,,,,,,,,,,,,,,,,124,,,,,,,,,,,,97,,,,,,,,,,,,,,,,,,,,,,141,,,,,112,,,,,,,,,,,,,,,183,,171,,,Manufacturing Manager,,,,,,,,,,,,,,,,,,,,,,,,,,,,
140,199,,99,,124,,,,,,,,,,,,,136,,,,,,,,,,,,,,,,159,,,,,,129,,,,,,,,,,,,,,,,,,,,,,,,74,,,,156,,,,,,,,,,,,,,,,,,,,140,,,,,,,,,,,,,,,,,,,,,,,101,,,,,,,,,,,,,,,,,,110,,,,,,178,,127,,100,,,,,131,,,,,,136,,,,,,,,,,,,,,,,,,,128,,,,,,,104,,,,,,,112,,,,,,,,,,,,,,157,,,,,,151,,,,,,,,,,,,,,,,,,,,,,,,,,,102,,,,114,,,,,157,,,,,,,112,,,,,,,,,,,,,,,,,,,148,,,,,,,,,122,,,,,,,,,,,,,,,,,,,,,,,,,,,,,,,161,,,,,,,,,,,178,,,,,,,,,,,,195,,,,,,,,139,,,,,124,,,,,,,,,,,,163,,,,,,,,,,,,,,119,,,,99,,,,,155,,154,,,170,,,,,123,,,,,,,,,,,,,,147,107,,,,,,,,152,,,,,,,,,,,,120,,,,,133,,,,,,,,,,,,,,,,,,,,,,,,,,,,,,,,,,,,,,119,,,,,,,,,,,,,,,,102,,,,,,,,,,,,,,,,,,,,,,,,,,,,,,,,,,,,,,142,100,125,,,IT Support Specialist,,,,,,,,,,,,,,,,,,,,,,,,,,,,
115,196,,,,,,,,,,,,,,,,,,,111,,,,,,,,,,,,,,169,,114,,,,134,,,,,,,,,,,,,,,,,,,,,,,,,,,,156,,,,,136,,,,,,,,,,,,,,,133,,,,,,,,,,,,,,,,,,,,,,,,,,139,143,,,,,152,,,,,,,,,144,,,,,,,,178,,103,,,,,172,,,,,,,,,,,,,,,,,,,,,,,,,136,,,,,120,,171,,,,144,,135,147,,,,,,,,,,,,,,168,,,,,,142,,,,,,,,,,,,,,,,,,,,,,,,,,,,,,,,,,,128,172,,,,,,,162,,,,,,,,,,,,,,,,,,,118,146,,,192,,,,,,,101,,,,,,,,,,,,,,117,,,,,,,,,,,,,,,183,,,,,,,,,,,,,,,,,,,,123,,,,,,,,,,,,111,,,,147,,,,,,,,,113,,,,177,,177,133,,,,,,,,,,132,,,,,,,,,105,,121,,,,,,,115,,,,,144,,,,,,,,,,,,,,,,,,,138,,,,,,,,,,,,,,,,179,,,,,,,,,,,,,,,,,,,,,,,,,,,,,,,,,,,,,,,,,,,,,,,,,,,,,,,,,,,,,,,,,,,,,,,,,,,,,,105,,,,,,,,,,,,,,,181,,184,,,IT Director,,,,,,,,,,,,,,,,,,,,,,,,,,,,
,198,,,,137,,,,,,,,,,,,,140,,,,,,,,,,,,,,,,145,,,,,,138,,,,,,,,,,,,,,,,,,105,,,,,,94,,,,168,,,,,,,,,,,,,,,,,,,,127,,,,,,,,,,,,,,,,,,,,,,,115,,,129,,,,125,,,,,,,,,,,110,,,,,,,,121,,136,,,,,120,,,,,,,,,,,,,,,98,,,,,,,,,,133,,,,,122,,,,,,,109,,120,,,,,,,,,,,,,,136,,,,,,143,,,,,,,,,,,,,,,,,,,,,,,,,,,,,,,102,,,,,147,,,,,,,139,,,,,,,,,,,,,,,,,,,,,,,,,155,,,117,,,,,,,,,,,,,,,,,,,,,,,,,,144,,,,,158,,,,,,,,,,,182,,,,,,,,,111,,,192,,,,,,,,,,,,,131,,,,,,,,,,,,,,,179,,,,,,,132,,,,109,,,,,,,,,146,,158,151,,159,,,,,,,,,,,,,,,,113,,,138,117,,,,,,,,165,,,,,,,,,,,,,,,,,,,,,,,,,,,,117,,,,,,,,,,,,,,,,,,,,,,,,127,,,109,,,,,,,,,,,,,,,,,,,,,,,,,,,,,,,,,,,,,,,,,,,,,,,,,,,,,,162,,132,,,Network Administrator,,,,,,,,,,,,,,,,,,,,,,,,,,,,
175,198,,,,134,,,,,,,,,,,,,116,,,,,,,,,,,,,,,,162,,,,,,128,,,,,,,,,,,,,,,,,,,,,,,,,,,,154,,,,,,,,,,,,,,,,,,100,,146,,,,,,,,,,,,,,,,,,,,,,,104,,,148,,,,,,,,,,,,,,,103,,,,,,,,166,,,,,,,104,,,,,,148,,,,,,,,,,,,,,,,,,,134,,,,,,,102,,,,,,,,,,,,,,,,,,,,,172,,,,,,164,,,,,,,,,,,,,,,,,,,,,,,,,,,,,,,134,,,173,,181,,,,,,,123,,,,106,,,,,,,,,,,,,,,137,,,,,,,,,,,,,,,,,,,,,,,,,,,,,,,,,,94,,,,,,163,,,,,,,,,,,177,,,,,,,,,,,,196,,,,,,,,,,,,,128,,,,,,,,,,,,,,,,,,,,,,,,,,115,,,,110,,,,,152,,159,,,165,,,,,195,,,,,,,,,,,110,,,137,,,,,,,,,151,,,,,,,,,,,,152,,,,,131,,,,,,,,,,,,,,,,,,,,,,,156,,,,,,,,98,,,,,,,138,197,,163,,,,,,,,,,,,,112,,,,,,,,,,,,,,,,,,,,,,,,,,,,,,,,,,,,,,143,123,139,,,Help Desk Analyst,,,,,,,,,,,,,,,,,,,,,,,,,,,,
133,196,,,,136,,,,,,,,,,,,,,,,,,,,,,,,,,,,,162,,,,,,131,,,,,,,,,,,,,,,,,,,,,,,,80,,,,163,,,,,130,,,,,,,,,,,,,,,148,,,,,,,,,,,,,,,,,,,,,,,96,,,140,130,,,,,138,,,,,,,,,119,,,,,,,,159,,127,,,,,182,,,,,,,,,,,,,,,,,,,,,,,,,155,,,,,119,,143,,,,,,128,134,,,,,,,,,,,,,,161,,,,,,158,,,,,,,,,,,,,,,,,,,,,,,,,,,,,,,,,,,118,164,,,,,,,150,,,,,,,,,,,,,,,,,,,125,160,,,196,,,,,,,,,,,,,,,,,,,,,117,,,,,,,,,,,,,,,174,,,182,,,,,,,,173,,,,,,,,,103,,,,,,,,,,,,107,,,,,,,,,,,,,,,,,,,180,118,,,,,,160,,,,118,,,,122,,,,,142,,134,,,,,,,101,,,,,146,,,,,,,,,,138,,,,,,,,,142,,,,,,,,,,,,,,,,,,,,,112,,,,,,,,,,,,,,,,,,,,,,,,,,,,,,,,,,,,,,,,,,,,,,,,,,,,,,,,,,,,,,,,,,,,,,,,,,,,,,,,,,,,,,,,177,,183,,,Information Technology Manager,,,,,,,,,,,,,,,,,,,,,,,,,,,,
137,195,,,,141,,,,,,,,,,,,,121,,,,,,,,,,,,,,,,164,,,,,,131,,,,,,,,,,,,,,,,,,96,,,,,,73,,,,145,,,,,,,,,,,,,,,,,,,,142,,,,,,,,,,,,,,,,,,,,,,,111,,,132,,,,,,,,,,,,,,,105,,,,,,,,141,,,,,,,118,,,,,,,,,,,,,,,,,,,,,,,,,131,,,,,,,99,,,,,89,,101,,,,,,,,,,,,,,160,,,,,,,,,,,,,,,,,,,,,,,,,,,,,,,,,85,,,,123,,,,,155,,,,,,,119,,,,99,,,,,,,,,,,,,,,130,,,,,,,,,121,,,,,,,,,,,,,,,,,,,,,,,,,,,,,,,160,,,,,,,,,,,168,,,,,,,,,,,,195,,,,,,,,,,,,,123,,,,,,,,,,,,,,,,,,,,,,127,,,,110,,,,91,,,,,144,,140,,,150,,,,,114,,,,,,,,,,,90,,,150,104,,,,,,,,150,,,,,,,,,,,,129,,,,,113,,,,,,,,,,,,,,,,,,,,,,,,,,,,,,,,,,,,,,102,118,,,,,,,,,,,,,,,98,,,,,,,,,,,,,,,,,,,,,,,,,,,,,,,,,,,,,,146,99,116,,,Technical Support,,,,,,,,,,,,,,,,,,,,,,,,,,,,
95,191,,,,116,,,,,,,,,,,,,,,,,,,,,75,,,,,,,,145,,,,,85,109,,,,,,,,,,,,,,,,,,,,,,,,,,,,103,,,,,,,,,,,,,,,,,,,,107,,,,,,,,,,,,,,,,,,,,,,,89,,,108,125,,,,,,,,,,,,,,,,,,,,,,150,,,,,,,,,,,,,,,,,,,,,,,,,,,,,,,,106,,,,,80,,,,,,,74,,129,,,,,,,,,,,,,,123,,,,,,114,,109,,,,74,,,,,,,,,76,,,,,,,,127,,,,,,,,,,,,,,,,,,,,105,,,,,,82,,,,,,,,,,,,,,138,,,,,,,,,,,,,,,,,,,,,,,,,,,,,,,,,,,,,,,149,,113,,,150,,,,,,126,,,,,,,,,,,,188,,,,121,,,193,,,,,,,,,,,,,,,,,,,,,123,,,,,,,138,,,118,99,91,,,,,,,,78,,129,,,133,,,,99,,,,,,,,178,,64,,,,,,,,,,,,,,134,,,,,,,,,,,,,,,,,,,,,106,,,,,,,,,,,,,,,,,,,,,,,,,,,,,,,,,,109,,,,,,,,,,,,,,,,,,,,,,,,,,,,,,,,,,,,,,,86,,,,,,,,,,,,,,,130,,97,,,Engineer,,,,,,,,,,,,,,,,,,,,,,,,,,,,
,193,,,,127,,,,,,,,,,,,,,,,,,,,,,,,,,,,,136,,,,,,,,,,,,,,,,,,,,,,,,,,,,,,,,,,118,,,,,,,,,,,,,,106,,,,,,118,,,,,,,,,109,,,,,,,,,,,,,,,,,133,173,,,,,,,,,,,,,,114,,,,,,,,178,,,,,,,112,,,,,,,,,,,,,,,,,,,,,99,,,,,,,,,135,,110,,,,,,117,126,,,,,,127,,103,,,,,,,,,,,,121,,,,,,,,,,,,,,,,,,,,,,,145,,,,,,,,,121,,,111,,,,,,,,96,,,,,,,,,,,,133,,87,,,,,,,,,,,,,,135,,,,,,,,,,,,,,,,,,,,,,,,,,,,,,,139,,,,,168,,,,,,,,,,,,,,,,,,198,,,,,,,184,145,,,,,,,,,,,,,,,,,,,,100,,,,,,,124,,,,134,,,,111,,,,,188,,145,,,153,,,,100,,,,,,,,133,,,,,,,132,,,,,,,,,132,,,,,,,,,,,,,,,,194,,,85,,,,,,,,,,,,,,,,,,,,,,,,,,,,,,,,,,,,104,,,,,,,,,,,,,,,,,,,,,,,,,,,,,,,,,121,,,,,,,,,,,,,,,,97,,,,,181,,89,,,Senior Software Engineer,,,,,,,,,,,,,,,,,,,,,,,,,,,,
143,198,,122,,144,,,,,,,,,,,,,162,,,,,,,,,,,,,,,,159,,,,,,127,,,,,,,,,,,,,145,,,,,126,,,,,,84,,,,162,,,,,,,,,,,,,,,,,,196,,141,,,,,,,,,,,,,,,,,,,,,,,114,,,138,,,,,,,,,,,,,,,102,,,,,,,,132,,,,,,,115,,,,,,145,,,,,,,,,,,,,,,,,,,117,,,,,,,95,,,,,110,,,,,,,,,,,,,,,,158,,,,,,153,,,,,,,,,,,,,,,,,,97,,,,,,,,,,,,,108,,,171,,166,,,,,,,114,,,,128,,,,,,,,,,,,,,,156,,,,,,,,,,,,,,,,,86,,,,,,,,,,,,,,,,,,,,,,,151,,,,,,,,,,,178,,,,,,,,,,,,189,,,,,,,,,,,,,106,,,,,,,,,,,,,,,,,,,,,,,,,,,,,,,,,,,169,,169,,,165,,,,,,,,,,,,,,,,108,,,143,,,,,,,,,154,,,,,,,,,,,,126,,,,,133,,,,,,,,,,,,,,,,,,,,,,,,,,,,,,,,,,,,,,122,199,,,,,,,,,,,,,,,92,,,,,,,,,,,,,,,,,,,,,,,,,,,,,,,,,,,,,,143,110,114,,,Desktop Support Technician,,,,,,,,,,,,,,,,,,,,,,,,,,,,
,189,,,,103,,,,,,,,,,,,,,,,,,,,,85,,,,,,,,143,,,,,75,111,,103,,,,,,,,,,,,,,,,,,,,145,,77,,,,79,,,,,,,,,,,,,,,,,,,,123,,,,,,,,,,,,,,,,95,,,,,,,93,,,122,91,,,,,125,,,,,,,,,,,,,,,,,139,,,,,,,,,,,,,,,,104,,,,,,,,,,,,,,103,,116,,,,,110,,79,,,,,,,139,,,,,,,,,,,,,,,,,,,,,,,,,,85,,,,,,,,,,,,,,,,,139,,,,81,,,,,,,,,,,,,,,,123,,,,,,,185,,,,,,,,,,,,,,,,,,,,,,,,,,,108,83,,,,,,,,,,,,,,,,,,,,,,,,155,,113,,,,,,,,,121,,,,,,,,,,,,189,,,,133,,,,,,,,111,,,,,,,,,,,,,,,,122,,,,,,,136,,,134,,,,,,,,,,67,,135,,,148,,,,110,,,,,,,,,,,,102,,,,,,37,,,,,,141,,,,,,,,,,,,,,,,,,,,,,,,,,,,,,,,,,,,,,,,,,,,,,,,,,,,,,,124,,,,,,,,,,,,,,,,,,,,,,,,,,,,,,,,,,59,,,,,,,,,,,,,,,,,,,,144,,136,,,Quality Assurance,,,,,,,,,,,,,,,,,,,,,,,,,,,,
122,189,,,,121,,,,,,,,,,,,,84,,,,,,,,,,,,,,,,139,,,,,,100,,,,,,,,,,,,,,,,,,,,,,,,,,,,182,,,,,,,,,,,,,,88,,,,,,117,81,,,,,,,,,,,,,,,,,,,,,,89,,,125,123,,,,,,,,,,,,,,98,,,,,,,,149,,83,,,,,104,,,,,,,,,,,,,,,,,,,,,,,,,107,,,,,85,,91,,,,,,111,138,,,,,,,,,,,,,,134,,,,,,136,,,,,,,,,,,,,,,,,,,,,,,111,,,,,,,,110,,,,,,,,,,,,105,,,,,,80,,,,,,,,,,,,,97,107,,,,,,,,,,,,,,,,,,,,,,,,,,,,,,,,,75,74,,,,,156,,115,,,141,,,,,,196,,,,,,,,,,,,192,,,,,,,182,,,,,,86,,,,,,,,,,,,,,,151,,,,,,,136,,,,99,,,,,,,,,128,,113,,,,,,,,,,,,,,,133,,,,,,,94,,,,,,,,,125,,,,,,,,,,,,,,,,,,,,,,,,,,,,,,,,,,,,,,,,,,,,,,,,,,,,,,,93,,,,,,,,,,,,,,,,,,,,,,,,,,,,,,,,,,,,,,,,,,,,,,,,,,,,,,154,,113,,,Systems Engineer,,,,,,,,,,,,,,,,,,,,,,,,,,,,
134,193,,,,117,,,,,,,,,,,,,,,,,,,,,116,,,,,,,,148,,,,,82,114,,,,,,,,,,,,,,,,,,,,,,,,,,,,97,,106,,,,,,,,,,,,,,,,,,118,,,,,,,103,,,,,,,,,,,,,,,,87,,,122,160,101,,,,116,,,,,,,,,,,,,,,,,179,,,,,,,86,,,,,,,,,,,,,,,,,,,,,,,,,110,,,,,,,117,,,,107,74,,130,,,,,,,,,,,,,,131,,,,,,145,,,,,,,,,,,,,,,,,,,,,,,160,,,,,,,,,,,,,,,,,,,,123,,,,,,,,,,,,,,,,,,,,151,,,191,,,,,,,101,,,,,,,,,,,,,,,,,,,,,,,95,,,,,,165,,,169,,152,,,,,,,,,,,,,,,,,,,,,,149,,,,,121,,,,,,,,,,,,,,,,,,,141,,,,,,,136,,,140,140,118,,,,,,,,89,,113,,,137,,,,120,,,,,,,,,,,,,,,,,,,,,,,,125,,,,,,,,,,,,,,,,,,,,,126,,,,,,,,,,,,,,,,,,,,,,,,,,,,,,,,,,,,,,,,,,,,,,,,,,,,,,,,,,,,,,,,,,,,,,,,,99,,,,,,,,,,,,,,,181,,169,,,Engineering Manager,,,,,,,,,,,,,,,,,,,,,,,,,,,,
,192,,,,137,,,,,,,,,,,,,,,107,,,,,,,,,,,,,,168,,,,,,110,,,,,,,,,,,,,,,,,,,,,,,,,,,,161,,,,,144,,,,,,,,,,,,,,,141,,,,,,,,,,,,,,,,,,,,,,,100,,47,132,138,,,,,146,,,,,,,,,123,,,,,,,,156,,117,,,,,178,,,,,,,,,,,,,,,,,,,,,,,,,139,,,,,109,,149,,,,,,134,122,,,,,,,,,,,,,,165,,,,,,131,,,,,,,,,,,,,,,,,,,,,,,,,,,105,,,,,,,,,166,,,,,,,150,,,,,,,,,,,,,,,,,,,137,141,,,198,,,,,,,,,,,105,,,,,,,,,,111,,,,,,,,,,,,,,,177,,,179,,,,,,,,178,,,,,,,,,91,,,,,,,,,,,,,,,,169,,,,,,,,,,,,,,,182,112,,,,,43,147,,,,121,,,,,,,,,131,,156,,,169,,,,,,,,,,,,,,,,,,,128,,,,,,,,,151,,,,,,,,,,,,,,,,,,,,,,,,,,,,,,,,,,,,,,,,,,,,,,,,,,,,,,,124,,,,,,,,,,,,,,,,,,,,,,,,,,,,,,,,,,,,,,,,,,,,,,,,,,,,,,161,,171,,,IT Manager,,,,,,,,,,,,,,,,,,,,,,,,,,,,
,192,,,,100,,,,,,,,,,,,,,,,,,,,,98,,,,,,,,164,,,,,157,119,,,,,,,,,,,,,,,,,,,,,,,,,,,,81,,,,,,,,,,,,,,,,,,,,119,,,,,,,,,,,,,,,,,,,,,,,81,,,136,120,,,,,,,,,,,,,,,,,,,,,,137,,,,,,,,,,,,,,,,,,101,,,,,,,,,,,,,,99,,,,,98,,,,,,,136,,122,,,,,,,,,,,,,,,,,,,,122,,,,,,,,,,,,,,,,,,,,,,,183,,,,,,,,,,,,,,,,,,,,104,,,,,,,,,,,,,,,,,,,,150,,,,,,,,,,,,,,93,,,,,,,,,,,,,,,,,,,,,,,,,153,,,,,149,,,,,,,,,,,,,,,,,,192,,,,198,,,191,157,,,,,,,,,,,,,,,,,,,,137,90,,,,,,139,,,138,141,140,,,,,,,,,,169,,,176,,121,,113,,,,,,,,182,,135,,87,,,,,,,,,,,,162,,,,,,,,,,,,,,,,171,,,,,117,,,,,,,,,,,,,,,,,,,,,,,,,,,,,,,,,,134,,,,,,,,,,,,,,,,,,,,,,,,,,,,,,,,,,91,,,,,155,,,,,,,,,,,,,,,170,,113,,,Process Engineer,70.0,,,,,,,,,,,,,,,,,,,,,,,,,,,
,195,,,,131,,,,,,,,,,,,,,,,,,95,,,,,,,,,,,116,,,,,,,81,,,,,,,,,,,,,,,,,,,,,,,,,,,104,,,,,,,,,,,,,,83,,,,,,102,,,,90,,,,,108,,,,,,,,,,,,141,,,,,114,154,100,100,,,,,,,,,,,,97,,,,,,,88,175,,,82,,,,96,,,,,,,,98,,,,,,,,,,,,,96,,,,,,,,,132,,87,,,,,,84,,,,,,,,,,,,,,,,,,,,,81,,,,,,,,,,,,,,,,,,,,,,,146,,,,,,,,,,,168,107,,,,,,,,,,,,,,,,,,,,114,,,,,,,,,,,,,,,,,,75,,,,,,,,,,,,,,,,,,,,,,,,,,,,,,,,,,153,,,,,,,,,,,,,,,,,,193,,,,,,,192,117,,,,,,,,,,,,,,,,,,,,92,,,,,,,,,,,125,,,,86,,,,,189,,107,,,128,,,,114,105,,,,,,,133,,,,,,,122,,,,,,,,,,,,,,,,,,,,,,,,,,,,97,,,,,,,,,,,,,,,,,,,,,,,,,,,,,,,,,,,,,,,,,,,,,,,,,,,,,,,,,,,,,,,,,,,,,,,,,,116,,,,,,,,,,,95,,,,,120,,,,197,Software Engineer,,,,,,,,,,,,,,,,,,,,,,,,,,,,
,195,,,,,,,,,,,,,,,,,,,116,,,,,,,,,,,,,,159,,,,,,143,,,,,,,,,,,,,,,,,,,,,,,,,,,,168,,,,,131,,,,,,,,,,,,,,,128,,,,,,,,,,,,,,,,,,,,,,,,,,142,151,,,,,153,,,,,,,,,140,,,,,,,,165,,116,,,,,173,,,,,,,,,,,,,,,,,,,,,,,,,147,,,,,125,,173,,,,145,,135,147,,,,,,,,,,,,,,166,,,,,,148,,,,,,,,,,,,,,,,,,,,,,,,,,,,,,,,,,,132,168,,,,,,,156,,,,,,,,,,,,,,,,,,,125,160,,,191,,,,,,,,,,,,,,,,,,,,,119,,,,,,,,,,,,,,,171,,,,,,,,,,,175,,,,,,,,,116,,,,,,,,,,,,,,,,165,,,,,,,,,118,,,,179,,181,131,,,,,,164,,,,132,,,,106,,,,,124,,126,,,,,,,116,,,,,146,,,,,,,,,,,,,,,,,,,141,,,,,,,,,,,,,,,,183,,,,,122,,,,,,,,,,,,,,,,,,,,,,,,,,,,,,,,,,128,,,,,,,,,,,,,,,,,,,,,,,,,,,,,,,,,,,,,,,,,,,,,,,,,,,,,,188,,185,,,Director of IT,,,,,,,,,,,,,,,,,,,,,,,,,,,,
,196,,,,114,,,,,,,,,,,,,,,,,,,,,,,,,,,,,139,,,,,,102,146,,,,,,,,,,,,,,,,,,,,,,,,,,,80,,,,,,,,,,,,,,89,,,,,,111,,,,,,,,,106,,,,,,,,,,,,,,78,97,,101,167,,,,,,,,,,,,,,80,,,,,,170,,164,,,,,,,,,,,,,79,,,,,,,,,,,,,,,,,,,,,,,,102,,73,,,,,,,106,,,,161,,,,72,,,,,,,,,,,,91,,,,,,,,,,,,,,,,,,,,,,,,,,88,,,,,,103,,165,100,,,,,,,,89,,145,,,,,,,,,,,,,,,,,,,,,,,,,,132,,,,,,,,,,,,,,145,,,143,,,,,,,,,,,,,,133,,,,,164,,,,,,,,,,,,,,,,,,197,,,,,,,,148,,,,,,,,,,,,,,,,,,,,101,,,,,,,,,,,107,,,,111,,,,,112,,152,,,160,,,,86,,,,,,,,,,,,,,,,,,,,,,,,122,,,,,,,,,,,,,,,,,,,,,81,,,,,,,,,,,,,,,,,,,,,,,,,,,,,,,,,,115,,,,,,,,,,,,,,,,,,,,,,,,,,,,,,,,,,,,,,97,,,,,,,,,,,96,,,,,133,,79,,,Web Developer,,,,,,,,,,,,,,,,,,,,,,,,,,,,
,197,,,,136,,,,,,,,122,,,,,,,,,,,,,,,,97,,,,,166,,,,,,160,,112,,,,,,,,,,,,,,,,,,,,,,106,,,,,,119,,,141,,,,,,,,,,,,,,,135,,,,,,,135,,,,,,,,,,,,,,,,121,,,,130,,,,,159,,,,,,,,93,124,,,,,,,,154,,,,,136,,,,,,,,,,,,,,,,,,,,,,,,,157,,157,,,,,,,123,,,,112,,,123,,,,,,,,,,,,,,170,,,,,,,,,,,,,,,,,,,,,,,,,,,,,,,,,149,,,,,,,,,158,,,,,,,157,,,,,,,,,,,,,,,,,,,,,,,,,,,,,,,,,,135,,,,,,,,,,147,,,,,,,,,,,,95,,,180,,,,,,,,,,,,,,,,,,,,,,,,,,,,,,,,,,,,145,,,,,,,,,,,,,185,,140,129,,,,,,159,,138,,,,,,,,,,,,,145,160,,,,,,,,,,,,,,,,,,,,,,133,128,,,,,,,170,,,,,,,,,,,,,,,,174,,,,,,,,,,,,,,,,,,,,,,,,,,,,,,,,,,,,,,,127,,,,,,,,,,,,,,,,,,,,,,,,,,,,,,,,,,125,,,,,,,,,,,,,,,,,,,,178,,177,,,Security Director,,140.0,60.0,,,,,,,,,,,,,,,,,,,,,,,,,
126,197,,93,,139,,,,,,,,,,,,,142,,,,,,,,,,,,,,,,154,,,,,,134,,,,,,,,,,,,,,,,,,113,,,,,,,,,,156,,,,,,,,,,,,,,,,,,91,,131,,,,,,,,,,,,,,,,,,,,,,,117,,,117,,,,,,,,,,,,,,,114,,,,,,,,142,,83,,,,,129,,,,,,128,,,,,,,,,,,,,,,,,,,119,,,,,,,99,,,,,98,,,,,,,,,,,,,,,,161,,,,,,157,,,,,,,,,,,,,,,,,,,,,,,,,,,,,,,101,,,169,,158,,,,,,,117,,,,110,,,,,,,,,,,,,,,146,,,,,,,,,116,,,,,,,,,,,,,,,,,,,,,,,,,,,,,,,152,,,,,,,,,,,174,,,,,,,,,,,,193,,,,,,,,,,,,,131,,,,,,,,,,,,,,,,,,,,,,,,,,109,,,,,,,,,149,,151,,,167,,,,82,113,,,,,,,,,,,,,,152,,,,,,,,,147,,,,,,,,,,,,118,,,,,130,,,,,,,,,,,,,,,,,,,,,,,,,,,,,,,,,,,,,,119,135,,,,,,,,,,,,,,,92,,,,,,,,,,,,,,,,,,,,,,,,,,,,,,,,,,,,,,132,91,103,,,IT Support,,,,,,,,,,,,,,,,,,,,,,,,,,,,
134,195,,,,107,,,,,,,,,,,,,,,,,,,,,,,,,,,,,100,,,,,,,,,,,,,,,,116,,,,,,,,,,,,,,,108,,,,,,,,,,,,,,,,,,,,,,,,,,,,,,,,,,,,,,,,,,,,,,135,,,,,,,,,,,,,,,,,,,,,,,,189,,150,,,,,,,,,,,,,,,,,,,,,,,,,,,,,,,,,,,,,,,77,,,,,,,,155,,,,,123,,,,,,,,,,,,,,,,,,,,,,,,,,,,,,,,,,,,,,,,,,,,,,149,,,,116,,,,,,,80,,,,,,,,,,,,,167,,116,,,,,,,,,,,,,,,,,,,,,,,,,90,,,,,163,,,,,,,,84,,,,,,113,,,,,,,,,,,,,,,,,,,,,,,180,,,,,,,,164,,,,,,,,,,,,,,,,,,,,,,,,,,,,,,,90,,,,,,,,,,,170,,,183,,,,128,,,,,,,,,,,,,,,,,,,,,,,,143,,,,,,,,,,,,,,,,,,,,,,,,,,,,,,,105,,,,,,,154,,,,,,,,,,,,,,,,,139,,77,,,,,,,,,,,,,,,,,,,,,,,,,,,,,,,,,,,,99,,,,,,,29,,,,,,,,,150,,,,,Amazon,,,,102.0,109.0,188.0,104.0,95.0,132.0,116.0,99.0,105.0,148.0,95.0,196.0,148.0,82.0,136.0,,,,,,,,,,
,188,,,,105,,,,,,,,,,,,,,,,,,,,,92,,,71,,,,,137,,,,,,116,,,,,,,,,,,,,,,,,,,,,,142,,76,,,,69,,,,,84,,,,,,,,,,,,,,,87,,,,,,,,,,,,,,,,,,,,,,,129,,,124,66,,,,,67,,,,,,,,,,,,,,,,55,140,,,,,,50,,,,,,,,,79,,,,,,,,,,,,,,,,,72,,,,,,,,,,,,113,,119,,,,,,132,,,,,,,,,,,60,95,,,,87,,,,,,,,,,,,,,,,,,,,,165,,,,,,,,,,,,,,,,,,,,106,,,,,,,,,,,,,159,,,,,,,,,,,,,,,,,,,,,86,,,,,,,,,,,,,,,,,,,,,,,,,151,,,,,,,,,,,,,,,,,,,,,,,174,,,,117,,,,,,,,,,,,,,,,,,,,,,,,84,69,,,,,,,,,110,70,137,,,,,,,,,,154,,,150,,,,111,,,,,,,,62,,111,,89,,,,,,,,,,,,149,,,,,,,,,,,,,,,,,,,,,,,,,,,,,,,,,,,,,,,,,,,,,,,,,,,,,,,117,,,,,,,,,,,,,,,,,,,,,,,,,,,,,,,,,,111,,,,,,,,,,,,,,,,,,,,112,,64,,,Manufacturing,,,,,,,,,,,,,,,,,,,89.0,,,,,,,,,
126,174,,,,,,,115,,,,,,,,,,,,,,,,,,,,,,,,,,161,,,,,,121,,,,,,,,,,,,,,,,,,,,,,118,,,,,,,,,,,96,,,,,,,,,,,,,,,109,,,,,,,,,,,,,,,,,,,,,,,81,,162,90,,,,,,,,,,,,,,,,,,,,,,,111,,,,,,,,,,,,,,,,,,,,,,,,,,,,,,,,122,,,,,89,,150,,,,,,,92,,,,,,,,,,,,,,,,,,,,,,,,,,,,,,,,,,,,,,,,,,,,,,,,,,,,,,,121,100,,,,,,,122,,,,,,133,,,,,,,,,,,,,,,,,,,,,,,,,,,,,,,,,,,,,,,,,,,,,,,94,,,,,,161,,,,,,,,,,,,,,,111,,,,,,,,180,,104,,,,,,,,,,106,139,,,,,,,,,,,,,,,,,,,,,,154,,,122,101,,,,,,,,,,,125,,,134,,,,82,,,,,,,,,,,,97,,,,,,,,,,,,130,,,,,,,,,,,,,,123,,,,,,,,,,,,,,,,,,,,,,,,,,,,,,,,,,,,,,,,,124,,,143,,,,,,,,,,,,,,,,,,,,,,,,79,,,,,,,,,,,,,,,,,,,,,,,,,,,139,,126,,,Credit Analyst,,,,,,,,,,,,,,,,,,,,113.0,114.0,97.0,125.0,90.0,121.0,82.0,111.0,81.0
